0x01f8c4e3fa3edeb29e514cba738d87ce8c091d3f.sol,PERSONAL_BANK,reentrancy,
0x0cbe050f75bc8f8c2d6c0d249fea125fd6e1acc9.sol,Caller,delegatecall_dangerous;exception_disorder;gasless_send,
0x19cf8481ea15427a98ba3cdd6d9e14690011ab10.sol,daoPOLSKAtokens,timedependency;numberdependency;delegatecall_dangerous;exception_disorder;gasless_send,
0x2972d548497286d18e92b5fa1f8f9139e5653fd2.sol,demo,delegatecall_dangerous;exception_disorder;gasless_send,
0x39cfd754c85023648bf003bea2dd498c5612abfa.sol,TokenBank,delegatecall_dangerous;exception_disorder;gasless_send,
0x3a0e9acd953ffc0dd18d63603488846a6b8b2b01.sol,TokenBank,delegatecall_dangerous;exception_disorder;gasless_send,
0x3e013fc32a54c4c5b6991ba539dcd0ec4355c859.sol,MultiplicatorX4,delegatecall_dangerous;exception_disorder;gasless_send,
0x3f2ef511aa6e75231e4deafc7a3d2ecab3741de2.sol,WhaleGiveaway2,delegatecall_dangerous;exception_disorder;gasless_send,
0x4051334adc52057aca763453820cb0e045076ef3.sol,airdrop,delegatecall_dangerous;exception_disorder;gasless_send,
0x4320e6f8c05b27ab4707cd1f6d5ce6f3e4b3a5a1.sol,ACCURAL_DEPOSIT,reentrancy,
0x4a66ad0bca2d700f11e1f2fc2c106f7d3264504c.sol,EBU,delegatecall_dangerous;exception_disorder;gasless_send,
0x4b71ad9c1a84b9b643aa54fdd66e2dec96e8b152.sol,airPort,delegatecall_dangerous;exception_disorder;gasless_send,
0x4e73b32ed6c35f570686b89848e5f39f20ecc106.sol,PRIVATE_ETH_CELL,reentrancy,
0x524960d55174d912768678d8c606b4d50b79d7b1.sol,Centra4,delegatecall_dangerous;exception_disorder;gasless_send,
0x52d2e0f9b01101a59b38a3d05c80b7618aeed984.sol,EtherGet,delegatecall_dangerous;exception_disorder;gasless_send,
0x561eac93c92360949ab1f1403323e6db345cbf31.sol,BANK_SAFE,reentrancy,
0x5aa88d2901c68fda244f1d0584400368d2c8e739.sol,MultiplicatorX3,delegatecall_dangerous;exception_disorder;gasless_send,
0x610495793564aed0f9c7fc48dc4c7c9151d34fd6.sol,SimpleWallet,delegatecall_dangerous;exception_disorder;gasless_send,
0x627fa62ccbb1c1b04ffaecd72a53e37fc0e17839.sol,TokenBank,delegatecall_dangerous;exception_disorder;gasless_send;reentrancy,
0x70f9eddb3931491aab1aeafbc1e7f1ca2a012db4.sol,HomeyJar,delegatecall_dangerous;exception_disorder;gasless_send,
0x78c2a1e91b52bca4130b6ed9edd9fbcfd4671c37.sol,WhaleGiveaway1,delegatecall_dangerous;exception_disorder;gasless_send,
0x7a4349a749e59a5736efb7826ee3496a2dfd5489.sol,WhaleGiveaway1,delegatecall_dangerous;exception_disorder;gasless_send,
0x7a8721a9d64c74da899424c1b52acbf58ddc9782.sol,PrivateDeposit,reentrancy,
0x806a6bd219f162442d992bdc4ee6eba1f2c5a707.sol,Pie,delegatecall_dangerous;exception_disorder;gasless_send,
0x84d9ec85c9c568eb332b7226a8f826d897e0a4a8.sol,WedIndex,delegatecall_dangerous;exception_disorder;gasless_send,
0x89c1b3807d4c67df034fffb62f3509561218d30b.sol,TownCrier,delegatecall_dangerous;exception_disorder;gasless_send,
0x8fd1e427396ddb511533cf9abdbebd0a7e08da35.sol,TokenBank,delegatecall_dangerous;exception_disorder;gasless_send,
0x96edbe868531bd23a6c05e9d0c424ea64fb1b78b.sol,PENNY_BY_PENNY,timedependency;numberdependency;reentrancy,
0x9d06cbafa865037a01d322d3f4222fa3e04e5488.sol,Delta,delegatecall_dangerous;exception_disorder;gasless_send,
0xa1fceeff3acc57d257b917e30c4df661401d6431.sol,AirDropContract,delegatecall_dangerous;exception_disorder;gasless_send,
0xa46edd6a9a93feec36576ee5048146870ea2c3ae.sol,EBU,delegatecall_dangerous;exception_disorder;gasless_send,
0xaae1f51cf3339f18b6d3f3bdc75a5facd744b0b8.sol,DEP_BANK,reentrancy,
0xb0510d68f210b7db66e8c7c814f22680f2b8d1d6.sol,Splitter,delegatecall_dangerous;exception_disorder;gasless_send,
0xb11b2fed6c9354f7aa2f658d3b4d7b31d8a13b77.sol,DepositProxy,delegatecall_dangerous;exception_disorder;gasless_send,
0xb37f18af15bafb869a065b61fc83cfc44ed9cc27.sol,SimpleWallet,delegatecall_dangerous;exception_disorder;gasless_send,
0xb620cee6b52f96f3c6b253e6eea556aa2d214a99.sol,DrainMe,timedependency;numberdependency;delegatecall_dangerous;exception_disorder;gasless_send,
0xb7c5c5aa4d42967efe906e1b66cb8df9cebf04f7.sol,keepMyEther,delegatecall_dangerous;exception_disorder;gasless_send;reentrancy,
0xbaa3de6504690efb064420d89e871c27065cdd52.sol,VaultProxy,delegatecall_dangerous;exception_disorder;gasless_send,
0xbe4041d55db380c5ae9d4a9b9703f1ed4e7e3888.sol,MONEY_BOX,timedependency;numberdependency;reentrancy,
0xbebbfe5b549f5db6e6c78ca97cac19d1fb03082c.sol,VaultProxy,delegatecall_dangerous;exception_disorder;gasless_send,
0xd2018bfaa266a9ec0a1a84b061640faa009def76.sol,Pie,delegatecall_dangerous;exception_disorder;gasless_send,
0xd5967fed03e85d1cce44cab284695b41bc675b5c.sol,demo,delegatecall_dangerous;exception_disorder;gasless_send,
0xdb1c55f6926e7d847ddf8678905ad871a68199d2.sol,FreeEth,delegatecall_dangerous;exception_disorder;gasless_send,
0xe4eabdca81e31d9acbc4af76b30f532b6ed7f3bf.sol,Honey,delegatecall_dangerous;exception_disorder;gasless_send,
0xe82f0742a71a02b9e9ffc142fdcb6eb1ed06fb87.sol,Freebie,delegatecall_dangerous;exception_disorder;gasless_send,
0xe894d54dca59cb53fe9cbc5155093605c7068220.sol,airDrop,delegatecall_dangerous;exception_disorder;gasless_send,
0xec329ffc97d75fe03428ae155fc7793431487f63.sol,TokenSender,delegatecall_dangerous;exception_disorder;gasless_send,
0xf2570186500a46986f3139f65afedc2afe4f445d.sol,RealOldFuckMaker,delegatecall_dangerous;exception_disorder;gasless_send,
0xf29ebe930a539a60279ace72c707cba851a57707.sol,B,delegatecall_dangerous;exception_disorder;gasless_send,
0xf70d589d76eebdd7c12cc5eec99f8f6fa4233b9e.sol,WhaleGiveaway2,delegatecall_dangerous;exception_disorder;gasless_send,
blackjack.sol,BlackJack,timedependency;numberdependency,
etheraffle.sol,Ethraffle_v4b,timedependency;numberdependency,
etherbank.sol,EtherBank,reentrancy,
etherpot_lotto.sol,Lotto,timedependency;numberdependency;delegatecall_dangerous;exception_disorder;gasless_send,
etherstore.sol,EtherStore,timedependency;numberdependency;reentrancy,
guess_the_random_number.sol,GuessTheRandomNumberChallenge,timedependency;numberdependency,
king_of_the_ether_throne.sol,KingOfTheEtherThrone,delegatecall_dangerous;exception_disorder;gasless_send,
lottery.sol,Lottery,timedependency;numberdependency,
lotto.sol,Lotto,delegatecall_dangerous;exception_disorder;gasless_send,
lucky_doubler.sol,LuckyDoubler,timedependency;numberdependency;delegatecall_dangerous;exception_disorder;gasless_send,
mishandled.sol,SendBack,delegatecall_dangerous;exception_disorder;gasless_send,
old_blockhash.sol,PredictTheBlockHashChallenge,timedependency;numberdependency,
reentrance.sol,Reentrance,delegatecall_dangerous;exception_disorder;gasless_send;reentrancy,
reentrancy_bonus.sol,Reentrancy_bonus,reentrancy,
reentrancy_cross_function.sol,Reentrancy_cross_function,reentrancy,
reentrancy_dao.sol,ReentrancyDAO,reentrancy,
reentrancy_insecure.sol,Reentrancy_insecure,reentrancy,
reentrancy_simple.sol,Reentrance,reentrancy,
simple_dao.sol,SimpleDAO,delegatecall_dangerous;exception_disorder;gasless_send;reentrancy,
unchecked_return_value.sol,ReturnValue,delegatecall_dangerous;exception_disorder;gasless_send,
smart_billions.sol,SmartBillions,timedependency;numberdependency,
