[
	{
		"file": "unchecked_return_value.sol",
		"name": "ReturnValue",
		"weaknesses": [
			"delegatecall_dangerous;exception_disorder;gasless_send"
		],
		"link": "",
		"numberOfBlocks": 16,
		"numberOfBranches": 16,
		"numberOfCriticalInstructions": {
			"CALL": 2
		}
	},
	{
		"file": "0xd5967fed03e85d1cce44cab284695b41bc675b5c.sol",
		"name": "demo",
		"weaknesses": [
			"delegatecall_dangerous;exception_disorder;gasless_send"
		],
		"link": "",
		"numberOfBlocks": 16,
		"numberOfBranches": 16,
		"numberOfCriticalInstructions": {
			"CALL": 1,
			"CALLCODE": 1
		}
	},
	{
		"file": "0xe4eabdca81e31d9acbc4af76b30f532b6ed7f3bf.sol",
		"name": "Honey",
		"weaknesses": [
			"delegatecall_dangerous;exception_disorder;gasless_send"
		],
		"link": "",
		"numberOfBlocks": 36,
		"numberOfBranches": 42,
		"numberOfCriticalInstructions": {
			"CALL": 4
		}
	},
	{
		"file": "etheraffle.sol",
		"name": "Ethraffle_v4b",
		"weaknesses": [
			"timedependency;numberdependency"
		],
		"link": "",
		"numberOfBlocks": 113,
		"numberOfBranches": 139,
		"numberOfCriticalInstructions": {
			"CALL": 5,
			"SELFDESTRUCT": 1
		}
	},
	{
		"file": "0x19cf8481ea15427a98ba3cdd6d9e14690011ab10.sol",
		"name": "daoPOLSKAtokens",
		"weaknesses": [
			"timedependency;numberdependency;delegatecall_dangerous;exception_disorder;gasless_send"
		],
		"link": "",
		"numberOfBlocks": 394,
		"numberOfBranches": 480,
		"numberOfCriticalInstructions": {
			"CALL": 8
		}
	},
	{
		"file": "0x4a66ad0bca2d700f11e1f2fc2c106f7d3264504c.sol",
		"name": "EBU",
		"weaknesses": [
			"delegatecall_dangerous;exception_disorder;gasless_send"
		],
		"link": "",
		"numberOfBlocks": 31,
		"numberOfBranches": 32,
		"numberOfCriticalInstructions": {
			"CALL": 1
		}
	},
	{
		"file": "0x7a8721a9d64c74da899424c1b52acbf58ddc9782.sol",
		"name": "PrivateDeposit",
		"weaknesses": [
			"reentrancy"
		],
		"link": "",
		"numberOfBlocks": 39,
		"numberOfBranches": 45,
		"numberOfCriticalInstructions": {
			"CALL": 1
		}
	},
	{
		"file": "guess_the_random_number.sol",
		"name": "GuessTheRandomNumberChallenge",
		"weaknesses": [
			"timedependency;numberdependency"
		],
		"link": "",
		"numberOfBlocks": 19,
		"numberOfBranches": 19,
		"numberOfCriticalInstructions": {
			"CALL": 1,
			"SELFDESTRUCT": 1
		}
	},
	{
		"file": "reentrancy_bonus.sol",
		"name": "Reentrancy_bonus",
		"weaknesses": [
			"reentrancy"
		],
		"link": "",
		"numberOfBlocks": 18,
		"numberOfBranches": 20,
		"numberOfCriticalInstructions": {
			"CALL": 1
		}
	},
	{
		"file": "0x52d2e0f9b01101a59b38a3d05c80b7618aeed984.sol",
		"name": "EtherGet",
		"weaknesses": [
			"delegatecall_dangerous;exception_disorder;gasless_send"
		],
		"link": "",
		"numberOfBlocks": 36,
		"numberOfBranches": 38,
		"numberOfCriticalInstructions": {
			"CALL": 4
		}
	},
	{
		"file": "0xa46edd6a9a93feec36576ee5048146870ea2c3ae.sol",
		"name": "EBU",
		"weaknesses": [
			"delegatecall_dangerous;exception_disorder;gasless_send"
		],
		"link": "",
		"numberOfBlocks": 18,
		"numberOfBranches": 18,
		"numberOfCriticalInstructions": {
			"CALL": 2
		}
	},
	{
		"file": "0xb37f18af15bafb869a065b61fc83cfc44ed9cc27.sol",
		"name": "SimpleWallet",
		"weaknesses": [
			"delegatecall_dangerous;exception_disorder;gasless_send"
		],
		"link": "",
		"numberOfBlocks": 40,
		"numberOfBranches": 42,
		"numberOfCriticalInstructions": {
			"CALL": 3
		}
	},
	{
		"file": "lucky_doubler.sol",
		"name": "LuckyDoubler",
		"weaknesses": [
			"timedependency;numberdependency;delegatecall_dangerous;exception_disorder;gasless_send"
		],
		"link": "",
		"numberOfBlocks": 126,
		"numberOfBranches": 151,
		"numberOfCriticalInstructions": {
			"CALL": 4
		}
	},
	{
		"file": "0x7a4349a749e59a5736efb7826ee3496a2dfd5489.sol",
		"name": "WhaleGiveaway1",
		"weaknesses": [
			"delegatecall_dangerous;exception_disorder;gasless_send"
		],
		"link": "",
		"numberOfBlocks": 36,
		"numberOfBranches": 42,
		"numberOfCriticalInstructions": {
			"CALL": 4
		}
	},
	{
		"file": "0x84d9ec85c9c568eb332b7226a8f826d897e0a4a8.sol",
		"name": "WedIndex",
		"weaknesses": [
			"delegatecall_dangerous;exception_disorder;gasless_send"
		],
		"link": "",
		"numberOfBlocks": 145,
		"numberOfBranches": 184,
		"numberOfCriticalInstructions": {
			"CALL": 1
		}
	},
	{
		"file": "0xb0510d68f210b7db66e8c7c814f22680f2b8d1d6.sol",
		"name": "Splitter",
		"weaknesses": [
			"delegatecall_dangerous;exception_disorder;gasless_send"
		],
		"link": "",
		"numberOfBlocks": 74,
		"numberOfBranches": 81,
		"numberOfCriticalInstructions": {
			"CALL": 7
		}
	},
	{
		"file": "0xb620cee6b52f96f3c6b253e6eea556aa2d214a99.sol",
		"name": "DrainMe",
		"weaknesses": [
			"timedependency;numberdependency;delegatecall_dangerous;exception_disorder;gasless_send"
		],
		"link": "",
		"numberOfBlocks": 160,
		"numberOfBranches": 186,
		"numberOfCriticalInstructions": {
			"CALL": 5
		}
	},
	{
		"file": "0xe82f0742a71a02b9e9ffc142fdcb6eb1ed06fb87.sol",
		"name": "Freebie",
		"weaknesses": [
			"delegatecall_dangerous;exception_disorder;gasless_send"
		],
		"link": "",
		"numberOfBlocks": 36,
		"numberOfBranches": 42,
		"numberOfCriticalInstructions": {
			"CALL": 4
		}
	},
	{
		"file": "0xec329ffc97d75fe03428ae155fc7793431487f63.sol",
		"name": "TokenSender",
		"weaknesses": [
			"delegatecall_dangerous;exception_disorder;gasless_send"
		],
		"link": "",
		"numberOfBlocks": 136,
		"numberOfBranches": 160,
		"numberOfCriticalInstructions": {
			"CALL": 3
		}
	},
	{
		"file": "etherstore.sol",
		"name": "EtherStore",
		"weaknesses": [
			"timedependency;numberdependency;reentrancy"
		],
		"link": "",
		"numberOfBlocks": 36,
		"numberOfBranches": 38,
		"numberOfCriticalInstructions": {
			"CALL": 1
		}
	},
	{
		"file": "lotto.sol",
		"name": "Lotto",
		"weaknesses": [
			"delegatecall_dangerous;exception_disorder;gasless_send"
		],
		"link": "",
		"numberOfBlocks": 36,
		"numberOfBranches": 36,
		"numberOfCriticalInstructions": {
			"CALL": 2
		}
	},
	{
		"file": "0x39cfd754c85023648bf003bea2dd498c5612abfa.sol",
		"name": "TokenBank",
		"weaknesses": [
			"delegatecall_dangerous;exception_disorder;gasless_send"
		],
		"link": "",
		"numberOfBlocks": 58,
		"numberOfBranches": 76,
		"numberOfCriticalInstructions": {
			"CALL": 2
		}
	},
	{
		"file": "0x627fa62ccbb1c1b04ffaecd72a53e37fc0e17839.sol",
		"name": "TokenBank",
		"weaknesses": [
			"delegatecall_dangerous;exception_disorder;gasless_send;reentrancy"
		],
		"link": "",
		"numberOfBlocks": 58,
		"numberOfBranches": 76,
		"numberOfCriticalInstructions": {
			"CALL": 2
		}
	},
	{
		"file": "0xaae1f51cf3339f18b6d3f3bdc75a5facd744b0b8.sol",
		"name": "DEP_BANK",
		"weaknesses": [
			"reentrancy"
		],
		"link": "",
		"numberOfBlocks": 42,
		"numberOfBranches": 49,
		"numberOfCriticalInstructions": {
			"CALL": 1
		}
	},
	{
		"file": "mishandled.sol",
		"name": "SendBack",
		"weaknesses": [
			"delegatecall_dangerous;exception_disorder;gasless_send"
		],
		"link": "",
		"numberOfBlocks": 9,
		"numberOfBranches": 8,
		"numberOfCriticalInstructions": {
			"CALL": 1
		}
	},
	{
		"file": "reentrancy_simple.sol",
		"name": "Reentrance",
		"weaknesses": [
			"reentrancy"
		],
		"link": "",
		"numberOfBlocks": 20,
		"numberOfBranches": 20,
		"numberOfCriticalInstructions": {
			"CALL": 1
		}
	},
	{
		"file": "0x524960d55174d912768678d8c606b4d50b79d7b1.sol",
		"name": "Centra4",
		"weaknesses": [
			"delegatecall_dangerous;exception_disorder;gasless_send"
		],
		"link": "",
		"numberOfBlocks": 12,
		"numberOfBranches": 12,
		"numberOfCriticalInstructions": {
			"CALL": 2
		}
	},
	{
		"file": "0x4e73b32ed6c35f570686b89848e5f39f20ecc106.sol",
		"name": "PRIVATE_ETH_CELL",
		"weaknesses": [
			"reentrancy"
		],
		"link": "",
		"numberOfBlocks": 42,
		"numberOfBranches": 49,
		"numberOfCriticalInstructions": {
			"CALL": 2,
			"SELFDESTRUCT": 1
		}
	},
	{
		"file": "0x610495793564aed0f9c7fc48dc4c7c9151d34fd6.sol",
		"name": "SimpleWallet",
		"weaknesses": [
			"delegatecall_dangerous;exception_disorder;gasless_send"
		],
		"link": "",
		"numberOfBlocks": 45,
		"numberOfBranches": 49,
		"numberOfCriticalInstructions": {
			"CALL": 2
		}
	},
	{
		"file": "0x806a6bd219f162442d992bdc4ee6eba1f2c5a707.sol",
		"name": "Pie",
		"weaknesses": [
			"delegatecall_dangerous;exception_disorder;gasless_send"
		],
		"link": "",
		"numberOfBlocks": 36,
		"numberOfBranches": 42,
		"numberOfCriticalInstructions": {
			"CALL": 4
		}
	},
	{
		"file": "0x89c1b3807d4c67df034fffb62f3509561218d30b.sol",
		"name": "TownCrier",
		"weaknesses": [
			"delegatecall_dangerous;exception_disorder;gasless_send"
		],
		"link": "",
		"numberOfBlocks": 222,
		"numberOfBranches": 261,
		"numberOfCriticalInstructions": {
			"CALL": 8
		}
	},
	{
		"file": "0xf29ebe930a539a60279ace72c707cba851a57707.sol",
		"name": "B",
		"weaknesses": [
			"delegatecall_dangerous;exception_disorder;gasless_send"
		],
		"link": "",
		"numberOfBlocks": 15,
		"numberOfBranches": 15,
		"numberOfCriticalInstructions": {
			"CALL": 2
		}
	},
	{
		"file": "0x01f8c4e3fa3edeb29e514cba738d87ce8c091d3f.sol",
		"name": "PERSONAL_BANK",
		"weaknesses": [
			"reentrancy"
		],
		"link": "",
		"numberOfBlocks": 42,
		"numberOfBranches": 49,
		"numberOfCriticalInstructions": {
			"CALL": 1
		}
	},
	{
		"file": "0x3f2ef511aa6e75231e4deafc7a3d2ecab3741de2.sol",
		"name": "WhaleGiveaway2",
		"weaknesses": [
			"delegatecall_dangerous;exception_disorder;gasless_send"
		],
		"link": "",
		"numberOfBlocks": 42,
		"numberOfBranches": 48,
		"numberOfCriticalInstructions": {
			"CALL": 4
		}
	},
	{
		"file": "0x4320e6f8c05b27ab4707cd1f6d5ce6f3e4b3a5a1.sol",
		"name": "ACCURAL_DEPOSIT",
		"weaknesses": [
			"reentrancy"
		],
		"link": "",
		"numberOfBlocks": 42,
		"numberOfBranches": 49,
		"numberOfCriticalInstructions": {
			"CALL": 1
		}
	},
	{
		"file": "0x3a0e9acd953ffc0dd18d63603488846a6b8b2b01.sol",
		"name": "TokenBank",
		"weaknesses": [
			"delegatecall_dangerous;exception_disorder;gasless_send"
		],
		"link": "",
		"numberOfBlocks": 63,
		"numberOfBranches": 82,
		"numberOfCriticalInstructions": {
			"CALL": 1
		}
	},
	{
		"file": "0x561eac93c92360949ab1f1403323e6db345cbf31.sol",
		"name": "BANK_SAFE",
		"weaknesses": [
			"reentrancy"
		],
		"link": "",
		"numberOfBlocks": 42,
		"numberOfBranches": 49,
		"numberOfCriticalInstructions": {
			"CALL": 1
		}
	},
	{
		"file": "0x4b71ad9c1a84b9b643aa54fdd66e2dec96e8b152.sol",
		"name": "airPort",
		"weaknesses": [
			"delegatecall_dangerous;exception_disorder;gasless_send"
		],
		"link": "",
		"numberOfBlocks": 16,
		"numberOfBranches": 16,
		"numberOfCriticalInstructions": {
			"CALL": 1
		}
	},
	{
		"file": "0xd2018bfaa266a9ec0a1a84b061640faa009def76.sol",
		"name": "Pie",
		"weaknesses": [
			"delegatecall_dangerous;exception_disorder;gasless_send"
		],
		"link": "",
		"numberOfBlocks": 36,
		"numberOfBranches": 42,
		"numberOfCriticalInstructions": {
			"CALL": 4,
			"SELFDESTRUCT": 1
		}
	},
	{
		"file": "reentrancy_dao.sol",
		"name": "ReentrancyDAO",
		"weaknesses": [
			"reentrancy"
		],
		"link": "",
		"numberOfBlocks": 16,
		"numberOfBranches": 17,
		"numberOfCriticalInstructions": {
			"CALL": 1
		}
	},
	{
		"file": "0x5aa88d2901c68fda244f1d0584400368d2c8e739.sol",
		"name": "MultiplicatorX3",
		"weaknesses": [
			"delegatecall_dangerous;exception_disorder;gasless_send"
		],
		"link": "",
		"numberOfBlocks": 32,
		"numberOfBranches": 37,
		"numberOfCriticalInstructions": {
			"CALL": 3
		}
	},
	{
		"file": "0xdb1c55f6926e7d847ddf8678905ad871a68199d2.sol",
		"name": "FreeEth",
		"weaknesses": [
			"delegatecall_dangerous;exception_disorder;gasless_send"
		],
		"link": "",
		"numberOfBlocks": 36,
		"numberOfBranches": 42,
		"numberOfCriticalInstructions": {
			"CALL": 4
		}
	},
	{
		"file": "king_of_the_ether_throne.sol",
		"name": "KingOfTheEtherThrone",
		"weaknesses": [
			"delegatecall_dangerous;exception_disorder;gasless_send"
		],
		"link": "",
		"numberOfBlocks": 109,
		"numberOfBranches": 147,
		"numberOfCriticalInstructions": {
			"CALL": 4
		}
	},
	{
		"file": "0xb11b2fed6c9354f7aa2f658d3b4d7b31d8a13b77.sol",
		"name": "DepositProxy",
		"weaknesses": [
			"delegatecall_dangerous;exception_disorder;gasless_send"
		],
		"link": "",
		"numberOfBlocks": 50,
		"numberOfBranches": 64,
		"numberOfCriticalInstructions": {
			"CALL": 2
		}
	},
	{
		"file": "0xe894d54dca59cb53fe9cbc5155093605c7068220.sol",
		"name": "airDrop",
		"weaknesses": [
			"delegatecall_dangerous;exception_disorder;gasless_send"
		],
		"link": "",
		"numberOfBlocks": 16,
		"numberOfBranches": 16,
		"numberOfCriticalInstructions": {
			"CALL": 1
		}
	},
	{
		"file": "0xf70d589d76eebdd7c12cc5eec99f8f6fa4233b9e.sol",
		"name": "WhaleGiveaway2",
		"weaknesses": [
			"delegatecall_dangerous;exception_disorder;gasless_send"
		],
		"link": "",
		"numberOfBlocks": 36,
		"numberOfBranches": 42,
		"numberOfCriticalInstructions": {
			"CALL": 4
		}
	},
	{
		"file": "etherbank.sol",
		"name": "EtherBank",
		"weaknesses": [
			"reentrancy"
		],
		"link": "",
		"numberOfBlocks": 20,
		"numberOfBranches": 20,
		"numberOfCriticalInstructions": {
			"CALL": 1,
			"DELEGATECALL": 1
		}
	},
	{
		"file": "old_blockhash.sol",
		"name": "PredictTheBlockHashChallenge",
		"weaknesses": [
			"timedependency;numberdependency"
		],
		"link": "",
		"numberOfBlocks": 22,
		"numberOfBranches": 23,
		"numberOfCriticalInstructions": {
			"CALL": 1
		}
	},
	{
		"file": "0x78c2a1e91b52bca4130b6ed9edd9fbcfd4671c37.sol",
		"name": "WhaleGiveaway1",
		"weaknesses": [
			"delegatecall_dangerous;exception_disorder;gasless_send"
		],
		"link": "",
		"numberOfBlocks": 42,
		"numberOfBranches": 48,
		"numberOfCriticalInstructions": {
			"CALL": 4
		}
	},
	{
		"file": "0x8fd1e427396ddb511533cf9abdbebd0a7e08da35.sol",
		"name": "TokenBank",
		"weaknesses": [
			"delegatecall_dangerous;exception_disorder;gasless_send"
		],
		"link": "",
		"numberOfBlocks": 63,
		"numberOfBranches": 82,
		"numberOfCriticalInstructions": {
			"CALL": 1
		}
	},
	{
		"file": "0x96edbe868531bd23a6c05e9d0c424ea64fb1b78b.sol",
		"name": "PENNY_BY_PENNY",
		"weaknesses": [
			"timedependency;numberdependency;reentrancy"
		],
		"link": "",
		"numberOfBlocks": 49,
		"numberOfBranches": 58,
		"numberOfCriticalInstructions": {
			"CALL": 1
		}
	},
	{
		"file": "reentrancy_cross_function.sol",
		"name": "Reentrancy_cross_function",
		"weaknesses": [
			"reentrancy"
		],
		"link": "",
		"numberOfBlocks": 21,
		"numberOfBranches": 23,
		"numberOfCriticalInstructions": {
			"CALL": 1
		}
	},
	{
		"file": "reentrancy_insecure.sol",
		"name": "Reentrancy_insecure",
		"weaknesses": [
			"reentrancy"
		],
		"link": "",
		"numberOfBlocks": 14,
		"numberOfBranches": 14,
		"numberOfCriticalInstructions": {
			"CALL": 1
		}
	},
	{
		"file": "smart_billions.sol",
		"name": "SmartBillions",
		"weaknesses": [
			"timedependency;numberdependency"
		],
		"link": "",
		"numberOfBlocks": 577,
		"numberOfBranches": 844,
		"numberOfCriticalInstructions": {
			"CALL": 5,
			"CALLCODE": 2,
			"SELFDESTRUCT": 28
		}
	},
	{
		"file": "0x0cbe050f75bc8f8c2d6c0d249fea125fd6e1acc9.sol",
		"name": "Caller",
		"weaknesses": [
			"delegatecall_dangerous;exception_disorder;gasless_send"
		],
		"link": "",
		"numberOfBlocks": 9,
		"numberOfBranches": 8,
		"numberOfCriticalInstructions": {
			"CALL": 1
		}
	},
	{
		"file": "0x9d06cbafa865037a01d322d3f4222fa3e04e5488.sol",
		"name": "Delta",
		"weaknesses": [
			"delegatecall_dangerous;exception_disorder;gasless_send"
		],
		"link": "",
		"numberOfBlocks": 69,
		"numberOfBranches": 77,
		"numberOfCriticalInstructions": {
			"CALL": 3
		}
	},
	{
		"file": "0xf2570186500a46986f3139f65afedc2afe4f445d.sol",
		"name": "RealOldFuckMaker",
		"weaknesses": [
			"delegatecall_dangerous;exception_disorder;gasless_send"
		],
		"link": "",
		"numberOfBlocks": 12,
		"numberOfBranches": 12,
		"numberOfCriticalInstructions": {
			"CALL": 1
		}
	},
	{
		"file": "0x2972d548497286d18e92b5fa1f8f9139e5653fd2.sol",
		"name": "demo",
		"weaknesses": [
			"delegatecall_dangerous;exception_disorder;gasless_send"
		],
		"link": "",
		"numberOfBlocks": 19,
		"numberOfBranches": 19,
		"numberOfCriticalInstructions": {
			"CALL": 1,
			"CALLCODE": 1
		}
	},
	{
		"file": "0xb7c5c5aa4d42967efe906e1b66cb8df9cebf04f7.sol",
		"name": "keepMyEther",
		"weaknesses": [
			"delegatecall_dangerous;exception_disorder;gasless_send;reentrancy"
		],
		"link": "",
		"numberOfBlocks": 15,
		"numberOfBranches": 14,
		"numberOfCriticalInstructions": {
			"CALL": 1
		}
	},
	{
		"file": "etherpot_lotto.sol",
		"name": "Lotto",
		"weaknesses": [
			"timedependency;numberdependency;delegatecall_dangerous;exception_disorder;gasless_send"
		],
		"link": "",
		"numberOfBlocks": 142,
		"numberOfBranches": 176,
		"numberOfCriticalInstructions": {
			"CALL": 3
		}
	},
	{
		"file": "0x3e013fc32a54c4c5b6991ba539dcd0ec4355c859.sol",
		"name": "MultiplicatorX4",
		"weaknesses": [
			"delegatecall_dangerous;exception_disorder;gasless_send"
		],
		"link": "",
		"numberOfBlocks": 32,
		"numberOfBranches": 37,
		"numberOfCriticalInstructions": {
			"CALL": 3
		}
	},
	{
		"file": "blackjack.sol",
		"name": "BlackJack",
		"weaknesses": [
			"timedependency;numberdependency"
		],
		"link": "",
		"numberOfBlocks": 291,
		"numberOfBranches": 385,
		"numberOfCriticalInstructions": {
			"CALL": 6,
			"DELEGATECALL": 1
		}
	},
	{
		"file": "reentrance.sol",
		"name": "Reentrance",
		"weaknesses": [
			"delegatecall_dangerous;exception_disorder;gasless_send;reentrancy"
		],
		"link": "",
		"numberOfBlocks": 24,
		"numberOfBranches": 27,
		"numberOfCriticalInstructions": {
			"CALL": 1
		}
	},
	{
		"file": "0xbebbfe5b549f5db6e6c78ca97cac19d1fb03082c.sol",
		"name": "VaultProxy",
		"weaknesses": [
			"delegatecall_dangerous;exception_disorder;gasless_send"
		],
		"link": "",
		"numberOfBlocks": 50,
		"numberOfBranches": 64,
		"numberOfCriticalInstructions": {
			"CALL": 2
		}
	},
	{
		"file": "lottery.sol",
		"name": "Lottery",
		"weaknesses": [
			"timedependency;numberdependency"
		],
		"link": "",
		"numberOfBlocks": 34,
		"numberOfBranches": 36,
		"numberOfCriticalInstructions": {
			"CALL": 1,
			"SELFDESTRUCT": 1
		}
	},
	{
		"file": "simple_dao.sol",
		"name": "SimpleDAO",
		"weaknesses": [
			"delegatecall_dangerous;exception_disorder;gasless_send;reentrancy"
		],
		"link": "",
		"numberOfBlocks": 25,
		"numberOfBranches": 27,
		"numberOfCriticalInstructions": {
			"CALL": 1
		}
	},
	{
		"file": "0x4051334adc52057aca763453820cb0e045076ef3.sol",
		"name": "airdrop",
		"weaknesses": [
			"delegatecall_dangerous;exception_disorder;gasless_send"
		],
		"link": "",
		"numberOfBlocks": 17,
		"numberOfBranches": 17,
		"numberOfCriticalInstructions": {
			"CALL": 1
		}
	},
	{
		"file": "0xa1fceeff3acc57d257b917e30c4df661401d6431.sol",
		"name": "AirDropContract",
		"weaknesses": [
			"delegatecall_dangerous;exception_disorder;gasless_send"
		],
		"link": "",
		"numberOfBlocks": 26,
		"numberOfBranches": 26,
		"numberOfCriticalInstructions": {
			"CALL": 1
		}
	},
	{
		"file": "0xbe4041d55db380c5ae9d4a9b9703f1ed4e7e3888.sol",
		"name": "MONEY_BOX",
		"weaknesses": [
			"timedependency;numberdependency;reentrancy"
		],
		"link": "",
		"numberOfBlocks": 49,
		"numberOfBranches": 58,
		"numberOfCriticalInstructions": {
			"CALL": 1
		}
	},
	{
		"file": "0x70f9eddb3931491aab1aeafbc1e7f1ca2a012db4.sol",
		"name": "HomeyJar",
		"weaknesses": [
			"delegatecall_dangerous;exception_disorder;gasless_send"
		],
		"link": "",
		"numberOfBlocks": 36,
		"numberOfBranches": 42,
		"numberOfCriticalInstructions": {
			"CALL": 4
		}
	},
	{
		"file": "0xbaa3de6504690efb064420d89e871c27065cdd52.sol",
		"name": "VaultProxy",
		"weaknesses": [
			"delegatecall_dangerous;exception_disorder;gasless_send"
		],
		"link": "",
		"numberOfBlocks": 50,
		"numberOfBranches": 64,
		"numberOfCriticalInstructions": {
			"CALL": 2
		}
	}
]